{"cameraMode":{"drawMode":0,"name":"Shaded","section":"Shading Mode"},"sceneLighting":true,"audioPlay":false,"sceneViewState":{"m_AlwaysRefresh":false,"showFog":true,"showSkybox":true,"showFlares":true,"showImageEffects":true,"showParticleSystems":true,"showVisualEffectGraphs":true,"m_FxEnabled":true},"in2DMode":false,"pivot":{"x":8.724231719970704,"y":0.09447860717773438,"z":1.4359264373779297},"rotation":{"x":-0.05246958136558533,"y":0.9266718626022339,"z":-0.3443756103515625,"w":-0.1411895602941513},"size":16.947898864746095,"orthographic":false}